"category","file","source_url","source","license","license_url"
"dog","images/dogs/pexels_dog_01.jpg","https://images.pexels.com/photos/9810766/pexels-photo-9810766.jpeg?cs=srgb&dl=pexels-plato-terentev-3804555-9810766.jpg&fm=jpg","Pexels","Pexels License (free to use)","https://www.pexels.com/license/"
"dog","images/dogs/pexels_dog_02.jpg","https://images.pexels.com/photos/14714241/pexels-photo-14714241.jpeg?cs=srgb&dl=pexels-wsilvasjb-14714241.jpg&fm=jpg","Pexels","Pexels License (free to use)","https://www.pexels.com/license/"
"dog","images/dogs/pexels_dog_03.jpg","https://images.pexels.com/photos/15047326/pexels-photo-15047326.jpeg?cs=srgb&dl=pexels-fatihkaya-15047326.jpg&fm=jpg","Pexels","Pexels License (free to use)","https://www.pexels.com/license/"
"dog","images/dogs/pexels_dog_04.jpg","https://images.pexels.com/photos/17167840/pexels-photo-17167840.jpeg?cs=srgb&dl=pexels-themechanicgd-425994534-17167840.jpg&fm=jpg","Pexels","Pexels License (free to use)","https://www.pexels.com/license/"
"dog","images/dogs/pexels_dog_05.jpg","https://images.pexels.com/photos/13872506/pexels-photo-13872506.jpeg?cs=srgb&dl=pexels-bertellifotografia-13872506.jpg&fm=jpg","Pexels","Pexels License (free to use)","https://www.pexels.com/license/"
"dog","images/dogs/pexels_dog_06.jpg","https://images.pexels.com/photos/29582994/pexels-photo-29582994.jpeg?cs=srgb&dl=pexels-abhishek-biradar-34804961-29582994.jpg&fm=jpg","Pexels","Pexels License (free to use)","https://www.pexels.com/license/"
"dog","images/dogs/pexels_dog_07.jpg","https://images.pexels.com/photos/26442653/pexels-photo-26442653.jpeg?cs=srgb&dl=pexels-barnabas-davoti-31615494-26442653.jpg&fm=jpg","Pexels","Pexels License (free to use)","https://www.pexels.com/license/"
"dog","images/dogs/pexels_dog_08.jpg","https://images.pexels.com/photos/18488617/pexels-photo-18488617.jpeg?cs=srgb&dl=pexels-sefa-tekin-164969501-18488617.jpg&fm=jpg","Pexels","Pexels License (free to use)","https://www.pexels.com/license/"
"dog","images/dogs/pexels_dog_09.jpg","https://images.pexels.com/photos/29609216/pexels-photo-29609216.jpeg?cs=srgb&dl=pexels-hanifi-sarikaya-2146429225-29609216.jpg&fm=jpg","Pexels","Pexels License (free to use)","https://www.pexels.com/license/"
"dog","images/dogs/pexels_dog_10.jpg","https://images.pexels.com/photos/31744794/pexels-photo-31744794.jpeg?cs=srgb&dl=pexels-daniwithaniphotovideo-31744794.jpg&fm=jpg","Pexels","Pexels License (free to use)","https://www.pexels.com/license/"
"cat","images/cats/pexels_cat_01.jpg","https://images.pexels.com/photos/31907021/pexels-photo-31907021.jpeg?cs=srgb&dl=pexels-alexasfotos-31907021.jpg&fm=jpg","Pexels","Pexels License (free to use)","https://www.pexels.com/license/"
"cat","images/cats/pexels_cat_02.jpg","https://images.pexels.com/photos/4858814/pexels-photo-4858814.jpeg?cs=srgb&dl=pexels-zhangkaiyv-4858814.jpg&fm=jpg","Pexels","Pexels License (free to use)","https://www.pexels.com/license/"
"cat","images/cats/pexels_cat_03.jpg","https://images.pexels.com/photos/11596567/pexels-photo-11596567.jpeg?cs=srgb&dl=pexels-ian-panelo-11596567.jpg&fm=jpg","Pexels","Pexels License (free to use)","https://www.pexels.com/license/"
"cat","images/cats/pexels_cat_04.jpg","https://images.pexels.com/photos/15380/pexels-photo.jpg?cs=srgb&dl=pexels-romanp-15380.jpg&fm=jpg","Pexels","Pexels License (free to use)","https://www.pexels.com/license/"
"cat","images/cats/pexels_cat_05.jpg","https://images.pexels.com/photos/38057927/pexels-photo-38057927.jpeg?cs=srgb&dl=pexels-gizem-gokce-1072613075-38057927.jpg&fm=jpg","Pexels","Pexels License (free to use)","https://www.pexels.com/license/"
"cat","images/cats/pexels_cat_06.jpg","https://images.pexels.com/photos/7015148/pexels-photo-7015148.jpeg?cs=srgb&dl=pexels-srdl-7015148.jpg&fm=jpg","Pexels","Pexels License (free to use)","https://www.pexels.com/license/"
"cat","images/cats/pexels_cat_07.jpg","https://images.pexels.com/photos/6690869/pexels-photo-6690869.jpeg?cs=srgb&dl=pexels-zhangkaiyv-6690869.jpg&fm=jpg","Pexels","Pexels License (free to use)","https://www.pexels.com/license/"
"cat","images/cats/pexels_cat_08.jpg","https://images.pexels.com/photos/8807948/pexels-photo-8807948.jpeg?cs=srgb&dl=pexels-pit0chka-8807948.jpg&fm=jpg","Pexels","Pexels License (free to use)","https://www.pexels.com/license/"
"cat","images/cats/pexels_cat_09.jpg","https://images.pexels.com/photos/37217676/pexels-photo-37217676.jpeg?cs=srgb&dl=pexels-saretsayon-37217676.jpg&fm=jpg","Pexels","Pexels License (free to use)","https://www.pexels.com/license/"
"cat","images/cats/pexels_cat_10.jpg","https://images.pexels.com/photos/17582236/pexels-photo-17582236.jpeg?cs=srgb&dl=pexels-lubna-17582236.jpg&fm=jpg","Pexels","Pexels License (free to use)","https://www.pexels.com/license/"
"hamster_rabbit","images/hamster_rabbit/pexels_hamster_rabbit_01.jpg","https://images.pexels.com/photos/35983095/pexels-photo-35983095.jpeg?cs=srgb&dl=pexels-leandro-rossi-2151612851-35983095.jpg&fm=jpg","Pexels","Pexels License (free to use)","https://www.pexels.com/license/"
"hamster_rabbit","images/hamster_rabbit/pexels_hamster_rabbit_02.jpg","https://images.pexels.com/photos/29240399/pexels-photo-29240399.jpeg?cs=srgb&dl=pexels-esrakaya-29240399.jpg&fm=jpg","Pexels","Pexels License (free to use)","https://www.pexels.com/license/"
"hamster_rabbit","images/hamster_rabbit/pexels_hamster_rabbit_03.jpg","https://images.pexels.com/photos/16414948/pexels-photo-16414948.jpeg?cs=srgb&dl=pexels-cody-mackey-527588147-16414948.jpg&fm=jpg","Pexels","Pexels License (free to use)","https://www.pexels.com/license/"
"hamster_rabbit","images/hamster_rabbit/pexels_hamster_rabbit_04.jpg","https://images.pexels.com/photos/8500505/pexels-photo-8500505.jpeg?cs=srgb&dl=pexels-alexfalconer-8500505.jpg&fm=jpg","Pexels","Pexels License (free to use)","https://www.pexels.com/license/"
"hamster_rabbit","images/hamster_rabbit/pexels_hamster_rabbit_05.jpg","https://images.pexels.com/photos/17949205/pexels-photo-17949205.jpeg?cs=srgb&dl=pexels-natalia-vol-98049546-17949205.jpg&fm=jpg","Pexels","Pexels License (free to use)","https://www.pexels.com/license/"
"hamster_rabbit","images/hamster_rabbit/pexels_hamster_rabbit_06.jpg","https://images.pexels.com/photos/31114806/pexels-photo-31114806.jpeg?cs=srgb&dl=pexels-elkayslense-2150360500-31114806.jpg&fm=jpg","Pexels","Pexels License (free to use)","https://www.pexels.com/license/"
"hamster_rabbit","images/hamster_rabbit/pexels_hamster_rabbit_07.jpg","https://images.pexels.com/photos/16956773/pexels-photo-16956773.jpeg?cs=srgb&dl=pexels-david-kanigan-239927285-16956773.jpg&fm=jpg","Pexels","Pexels License (free to use)","https://www.pexels.com/license/"
"hamster_rabbit","images/hamster_rabbit/pexels_hamster_rabbit_08.jpg","https://images.pexels.com/photos/38148907/pexels-photo-38148907.jpeg?cs=srgb&dl=pexels-jay-brand-1763356224-38148907.jpg&fm=jpg","Pexels","Pexels License (free to use)","https://www.pexels.com/license/"
"hamster_rabbit","images/hamster_rabbit/pexels_hamster_rabbit_09.jpg","https://images.pexels.com/photos/19126535/pexels-photo-19126535.jpeg?cs=srgb&dl=pexels-joseba-garcia-moya-672108373-19126535.jpg&fm=jpg","Pexels","Pexels License (free to use)","https://www.pexels.com/license/"
"hamster_rabbit","images/hamster_rabbit/pexels_hamster_rabbit_10.jpg","https://images.pexels.com/photos/12194088/pexels-photo-12194088.jpeg?cs=srgb&dl=pexels-enginakyurt-12194088.jpg&fm=jpg","Pexels","Pexels License (free to use)","https://www.pexels.com/license/"
